source_json,match_id,competition,season,round,home_team,away_team,team_id,team,team_abbreviation,qualifier,ball_possession,carries,clean_breaks,conversions,drop_goals,lineouts_won,meters_run,offloads,passes,penalties_conceded,penalty_goals,red_cards,scrums_lost,scrums_won,tackle_missed,tackles,total_scrums,tries,try_assist,turnovers_won,yellow_cards
super_rugby_2026_blues_vs_chiefs_65866096.json,sr:sport_event:65866096,Super Rugby,Super Rugby 2026,1,Blues,Chiefs,sr:competitor:4185,Chiefs,CHI,away,70,99,3,2,0,16,365,5,134,9,0,0,0,5,14,166,5,3,2,7,1
super_rugby_2026_blues_vs_chiefs_65866096.json,sr:sport_event:65866096,Super Rugby,Super Rugby 2026,1,Blues,Chiefs,sr:competitor:4190,Blues,BLU,home,30,122,6,1,0,13,417,8,172,12,1,0,0,3,12,117,3,2,2,4,1
super_rugby_2026_crusaders_vs_brumbies_65866108.json,sr:sport_event:65866108,Super Rugby,Super Rugby 2026,2,Crusaders,Brumbies,sr:competitor:4179,Brumbies,BRU,away,58,162,8,5,0,11,544,7,168,5,0,0,0,7,34,176,7,8,6,4,1
super_rugby_2026_crusaders_vs_brumbies_65866108.json,sr:sport_event:65866108,Super Rugby,Super Rugby 2026,2,Crusaders,Brumbies,sr:competitor:4181,Crusaders,CRU,home,42,136,7,2,0,7,497,11,166,9,0,0,0,3,31,236,3,4,4,3,2
super_rugby_2026_fijian_drua_vs_moana_pasifika_65866094.json,sr:sport_event:65866094,Super Rugby,Super Rugby 2026,1,Fijian Drua,Moana Pasifika,sr:competitor:364712,Fijian Drua,FID,home,42,120,4,3,0,10,470,12,194,9,0,0,0,5,22,130,5,4,4,4,1
super_rugby_2026_fijian_drua_vs_moana_pasifika_65866094.json,sr:sport_event:65866094,Super Rugby,Super Rugby 2026,1,Fijian Drua,Moana Pasifika,sr:competitor:761406,Moana Pasifika,MOA,away,58,98,3,5,0,14,286,3,111,4,0,0,0,7,27,152,7,6,4,4,0
super_rugby_2026_highlanders_vs_chiefs_65866104.json,sr:sport_event:65866104,Super Rugby,Super Rugby 2026,2,Highlanders,Chiefs,sr:competitor:4182,Highlanders,HIG,home,49,123,4,1,0,17,369,9,178,11,2,0,0,4,20,172,4,3,3,9,1
super_rugby_2026_highlanders_vs_chiefs_65866104.json,sr:sport_event:65866104,Super Rugby,Super Rugby 2026,2,Highlanders,Chiefs,sr:competitor:4185,Chiefs,CHI,away,51,135,7,3,0,12,548,13,173,10,0,0,0,6,20,148,6,4,1,5,1
super_rugby_2026_highlanders_vs_crusaders_65866090.json,sr:sport_event:65866090,Super Rugby,Super Rugby 2026,1,Highlanders,Crusaders,sr:competitor:4181,Crusaders,CRU,away,48,131,10,2,0,12,488,5,165,10,3,0,0,4,19,127,4,2,1,3,0
super_rugby_2026_highlanders_vs_crusaders_65866090.json,sr:sport_event:65866090,Super Rugby,Super Rugby 2026,1,Highlanders,Crusaders,sr:competitor:4182,Highlanders,HIG,home,52,109,4,2,0,12,348,8,126,10,2,0,1,6,21,142,7,3,3,12,0
super_rugby_2026_hurricanes_vs_moana_pasifika_65866100.json,sr:sport_event:65866100,Super Rugby,Super Rugby 2026,2,Hurricanes,Moana Pasifika,sr:competitor:4189,Hurricanes,HUR,home,46,143,18,6,0,10,711,20,214,8,0,0,0,4,10,167,4,8,8,8,0
super_rugby_2026_hurricanes_vs_moana_pasifika_65866100.json,sr:sport_event:65866100,Super Rugby,Super Rugby 2026,2,Hurricanes,Moana Pasifika,sr:competitor:761406,Moana Pasifika,MOA,away,54,118,6,0,0,7,299,7,147,6,0,0,0,12,34,132,12,2,1,8,0
super_rugby_2026_waratahs_vs_fijian_drua_65866102.json,sr:sport_event:65866102,Super Rugby,Super Rugby 2026,2,Waratahs,Fijian Drua,sr:competitor:4186,Waratahs,WAR,home,53,136,9,3,0,14,503,13,207,10,0,0,0,9,15,110,9,6,3,5,0
super_rugby_2026_waratahs_vs_fijian_drua_65866102.json,sr:sport_event:65866102,Super Rugby,Super Rugby 2026,2,Waratahs,Fijian Drua,sr:competitor:364712,Fijian Drua,FID,away,47,81,6,1,0,10,248,5,103,11,2,0,1,5,22,138,6,1,1,8,0
super_rugby_2026_waratahs_vs_reds_65866092.json,sr:sport_event:65866092,Super Rugby,Super Rugby 2026,1,Waratahs,Reds,sr:competitor:4180,Reds,RED,away,41,115,5,1,0,11,433,8,147,17,0,0,1,3,13,195,4,2,1,5,1
super_rugby_2026_waratahs_vs_reds_65866092.json,sr:sport_event:65866092,Super Rugby,Super Rugby 2026,1,Waratahs,Reds,sr:competitor:4186,Waratahs,WAR,home,59,155,6,4,0,18,644,11,200,9,1,0,0,5,19,131,5,5,3,7,0
super_rugby_2026_western_force_vs_blues_65866106.json,sr:sport_event:65866106,Super Rugby,Super Rugby 2026,2,Western Force,Blues,sr:competitor:4190,Blues,BLU,away,51,98,7,6,0,13,349,6,140,7,0,0,0,5,21,174,5,6,5,6,0
super_rugby_2026_western_force_vs_blues_65866106.json,sr:sport_event:65866106,Super Rugby,Super Rugby 2026,2,Western Force,Blues,sr:competitor:21995,Western Force,WFO,home,49,145,3,3,0,10,361,7,179,11,2,0,1,10,21,135,10,4,1,3,1
super_rugby_2026_western_force_vs_brumbies_65866098.json,sr:sport_event:65866098,Super Rugby,Super Rugby 2026,1,Western Force,Brumbies,sr:competitor:4179,Brumbies,BRU,away,47,128,7,8,0,13,514,4,135,10,0,0,2,3,10,8,5,8,5,3,1
super_rugby_2026_western_force_vs_brumbies_65866098.json,sr:sport_event:65866098,Super Rugby,Super Rugby 2026,1,Western Force,Brumbies,sr:competitor:21995,Western Force,WFO,home,53,154,1,3,0,13,410,4,222,8,1,0,1,2,23,3,3,3,0,3,0
